{"version":"01.00.00","projectName":"MathLiveExternalPageFrameExample","projectPages":[{"pageName":"page","pageID":"-5b7a94ae:13e6ac21403:-7ffb","eramlModelFile":"page.cbaml","eramlDiagramFile":"page.cbaml_diagram","pageType":"SIMPLE","pageTags":["STANDARD_PAGE"]}],"resources":[{"path":"C:\\Users\\kroeh\\AppData\\Local\\Temp\\cba-tool-temp13334250806055592203\\resources","name":"Background_640x300.png"},{"path":"C:\\Users\\kroeh\\AppData\\Local\\Temp\\cba-tool-temp13334250806055592203\\resources","name":"Background_640x550.png"}],"bilingual":false}